Category,Keyword
primary,trip planner
primary,travel itinerary
primary,holiday packages
primary,vacation planner
primary,travel guide
primary,plan a trip
primary,tour packages
primary,travel agency
primary,online travel planner
primary,best travel site
city-based,delhi trip planner
city-based,mumbai travel guide
city-based,bangalore weekend getaway
city-based,goa trip itinerary
city-based,jaipur sightseeing
city-based,kerala tour packages
city-based,chennai vacation
city-based,hyderabad travel planner
city-based,pune trip
city-based,kochi holiday
budget,cheap travel
budget,budget trip planner
budget,low cost holidays
budget,affordable vacations
budget,budget backpacking
budget,cheap flights and hotels
budget,budget travel guide
budget,cheap trip packages
budget,economy travel
budget,money saving travel
honeymoon,romantic getaways
honeymoon,honeymoon packages
honeymoon,best honeymoon destinations
honeymoon,couples trip
honeymoon,romantic holiday
honeymoon,honeymoon planning
honeymoon,luxury honeymoon
honeymoon,beach honeymoon
honeymoon,private villa stay
honeymoon,romantic trip itinerary
family,family vacation planner
family,kid friendly holidays
family,family tour packages
family,summer camp trip
family,family getaway
family,best places to travel with kids
family,family road trip
family,all inclusive family resorts
family,child friendly hotels
family,family fun vacation
AI,AI trip planner
AI,smart itinerary maker
AI,AI travel guide
AI,automated trip planning
AI,machine learning travel
AI,AI holiday planner
AI,intelligent travel assistant
AI,personalized AI travel
AI,travel planner bot
AI,AI driven trips
seasonal,summer vacation
seasonal,winter wonderland trips
seasonal,monsoon getaways
seasonal,spring break holidays
seasonal,autumn travel
seasonal,seasonal trip planning
seasonal,best places to visit in summer
seasonal,winter sports travel
seasonal,festive season trips
seasonal,holiday season packages
solo,solo female travel
solo,solo backpacking trips
solo,solo vacation packages
solo,single traveler guide
solo,safe places for solo travel
solo,solo travel itinerary
solo,solo adventure trips
solo,best destinations for singles
solo,solo trip planner
solo,independent travel
international,international holiday packages
international,overseas trip planner
international,europe tour packages
international,asia travel guide
international,usa vacation itinerary
international,international flights booking
international,global travel planner
international,exotic international destinations
international,world tour packages
international,abroad trip planning
flights,cheap flight booking
flights,flight tickets online
flights,air travel deals
flights,domestic flights
flights,international flight offers
flights,last minute flights
flights,airline reservations
flights,lowest airfare
flights,flight comparison
flights,direct flights
hotels,best hotel deals
hotels,luxury hotel booking
hotels,cheap accommodation
hotels,resort booking
hotels,hotel reservations
hotels,budget stays
hotels,5 star hotels
hotels,boutique hotels
hotels,pet friendly hotels
hotels,bed and breakfast
city-based,mumbai to bangkok trip
city-based,delhi to singapore trip
city-based,bangalore to dubai trip
city-based,chennai to bali trip
city-based,kolkata to thailand trip
city-based,mumbai to vietnam trip
city-based,delhi to london flight route
city-based,bangalore to bangkok travel guide
budget,budget kerala trip under 15000
budget,budget rajasthan trip under 20000
budget,cheap hill station trips india
budget,affordable beach trips india
budget,budget northeast india trip
budget,cheap trips from bangalore under 5000
budget,budget travel hacks india
budget,low cost camping in uttarakhand
honeymoon,honeymoon in kashmir 2026
honeymoon,honeymoon in andaman nicobar
honeymoon,best honeymoon places india december
honeymoon,honeymoon packages under 30000
honeymoon,romantic getaways india
honeymoon,romantic luxury resorts in kerala
honeymoon,best honeymoon places outside india
honeymoon,private pool villa in lonavala for couples
solo,solo trip manali guide
solo,solo female travel india safety
solo,solo backpacking northeast india
solo,solo trip goa budget
solo,solo travel tips india 2026
solo,solo female packing list india
solo,solo traveling safe hostels rishikesh
solo,backpacking solo trip to spiti valley
family,family trip singapore from india
family,family vacation december india
family,best hill stations families india
family,family trip under 50000
family,kids friendly beaches india
family,family resort with waterpark near mumbai
family,kid-friendly activities in jaipur
family,safe road trips for family in south india
family,best family vacation in india budget
seasonal,best places december india 2026
seasonal,summer vacation ideas india
seasonal,monsoon destinations india 2026
seasonal,winter travel india 2026
seasonal,new year trip ideas india
seasonal,best places to visit in autumn india
seasonal,spring season flower valleys in india
seasonal,monsoon road trip from pune
seasonal,snowfall destinations near delhi in january
